Workbook

Sheet Datos
A1: id | B1: fecha_commit | C1: fecha_despliegue | D1: exitoso | E1: horas_recuperacion | F1: lead_time_h | G1: dia_semana (1=lun..7=dom) | H1: es_viernes | J1: Fuente: datos/despliegues.csv entregado por el docente (azul = dato de entrada; negro = fórmula).
A2: 1 | B2: 46265.995 | C2: 46266.578 | D2: si | E2: 0 | F2: =(C2-B2)*24 -> 14 | G2: =WEEKDAY(C2,2) -> 2 | H2: =IF(G2=5,"si","no") -> no
A3: 2 | B3: 46267.864 | C3: 46268.114 | D3: si | E3: 0 | F3: =(C3-B3)*24 -> 6 | G3: =WEEKDAY(C3,2) -> 4 | H3: =IF(G3=5,"si","no") -> no
A4: 3 | B4: 46269.036 | C4: 46269.453 | D4: no | E4: 5 | F4: =(C4-B4)*24 -> 10 | G4: =WEEKDAY(C4,2) -> 5 | H4: =IF(G4=5,"si","no") -> si
A5: 4 | B5: 46270.374 | C5: 46271.208 | D5: si | E5: 0 | F5: =(C5-B5)*24 -> 20 | G5: =WEEKDAY(C5,2) -> 7 | H5: =IF(G5=5,"si","no") -> no
A6: 5 | B6: 46270.435 | C6: 46272.435 | D6: si | E6: 0 | F6: =(C6-B6)*24 -> 48 | G6: =WEEKDAY(C6,2) -> 1 | H6: =IF(G6=5,"si","no") -> no
A7: 6 | B7: 46273.292 | C7: 46274.126 | D7: si | E7: 0 | F7: =(C7-B7)*24 -> 20 | G7: =WEEKDAY(C7,2) -> 3 | H7: =IF(G7=5,"si","no") -> no
A8: 7 | B8: 46273.462 | C8: 46275.462 | D8: si | E8: 0 | F8: =(C8-B8)*24 -> 48 | G8: =WEEKDAY(C8,2) -> 4 | H8: =IF(G8=5,"si","no") -> no
A9: 8 | B9: 46276.529 | C9: 46276.946 | D9: no | E9: 3 | F9: =(C9-B9)*24 -> 10 | G9: =WEEKDAY(C9,2) -> 5 | H9: =IF(G9=5,"si","no") -> si
A10: 9 | B10: 46278.482 | C10: 46278.732 | D10: si | E10: 0 | F10: =(C10-B10)*24 -> 6 | G10: =WEEKDAY(C10,2) -> 7 | H10: =IF(G10=5,"si","no") -> no
A11: 10 | B11: 46278.205 | C11: 46280.205 | D11: si | E11: 0 | F11: =(C11-B11)*24 -> 48 | G11: =WEEKDAY(C11,2) -> 2 | H11: =IF(G11=5,"si","no") -> no
A12: 11 | B12: 46280.608 | C12: 46281.441 | D12: si | E12: 0 | F12: =(C12-B12)*24 -> 20 | G12: =WEEKDAY(C12,2) -> 3 | H12: =IF(G12=5,"si","no") -> no
A13: 12 | B13: 46282.356 | C13: 46282.94 | D13: si | E13: 0 | F13: =(C13-B13)*24 -> 14 | G13: =WEEKDAY(C13,2) -> 4 | H13: =IF(G13=5,"si","no") -> no
... A21: 20 | B21: 46293.042 | C21: 46295.209 | D21: si | E21: 0 | F21: =(C21-B21)*24 -> 52 | G21: =WEEKDAY(C21,2) -> 3 | H21: =IF(G21=5,"si","no") -> no

Sheet DORA
A1: Métricas DORA (28 días)
A3: Días del periodo | B3: 28 | C3: Supuesto: el enunciado indica 28 días de datos.
A4: Métrica | B4: Valor | C4: Nota
A5: Total de despliegues | B5: =COUNT(Datos!$A$2:$A$21) -> 20
A6: Frecuencia de despliegue (por día) | B6: =B5/B3 -> 0.71428571 | C6: despliegues / días
A7: Frecuencia de despliegue (por semana) | B7: =B5/B3*7 -> 5
A8: Lead time de cambios (mediana, h) | B8: =MEDIAN(Datos!$F$2:$F$21) -> 20 | C8: commit → producción
A9: Despliegues fallidos | B9: =COUNTIF(Datos!$D$2:$D$21,"no") -> 4
A10: Tasa de fallo de cambios | B10: =B9/B5 -> 0.2 | C10: fallidos / total
A11: Tiempo medio de recuperación (h) | B11: =AVERAGEIF(Datos!$D$2:$D$21,"no",Datos!$E$2:$E$21) -> 4.5 | C11: solo despliegues fallidos
A14: Análisis del viernes
A15: Concepto | B15: Valor | C15: Nota
A16: Despliegues en viernes | B16: =COUNTIF(Datos!$H$2:$H$21,"si") -> 3
A17: Fallos en viernes | B17: =COUNTIFS(Datos!$H$2:$H$21,"si",Datos!$D$2:$D$21,"no") -> 3
A18: Tasa de fallo en viernes | B18: =IF(B16=0,0,B17/B16) -> 1
A19: Despliegues otros días | B19: =B5-B16 -> 17
A20: Fallos otros días | B20: =B9-B17 -> 1
A21: Tasa de fallo otros días | B21: =IF(B19=0,0,B20/B19) -> 0.058823529
A23: Observación: el despliegue #20 tiene fecha 2026-09-30, posterior al último día del periodo; se incluyó tal como lo entregó el docente.

Sheet Metricas_por_enfoque
A1: Enfoque | B1: Métrica | C1: Atributo ISO/IEC 25010:2023 que respalda
A2: Scrum | B2: % de historias terminadas que cumplen la DoD al cierre del sprint | C2: Adecuación funcional (Corrección funcional)
A3: Kanban | B3: Tiempo de ciclo (En desarrollo → Hecho) y cumplimiento de límites WIP | C3: Mantenibilidad (Modificabilidad)
A4: XP | B4: Cobertura de pruebas unitarias (meta ≥ 80 %) | C4: Mantenibilidad (Capacidad de ser probado)
A5: DevOps | B5: Tasa de fallo de cambios (meta: bajar del 20 % actual) | C5: Fiabilidad (Ausencia de fallos, Recuperabilidad)
